<?xml version="1.0" encoding="UTF-8"?>
<!DOCTYPE suite SYSTEM "https://testng.org/testng-1.0.dtd">
<suite name="Suite">
  <test thread-count="5" name="Test">
    <classes>
      <class name="SeleniumDemos.demos.NavigationalCommands"/>
      <class name="assignment.FeedbackTest"/>
      <class name="assignment.AngularTest"/>
      <class name="SeleniumDemos.demos.WebElementHandling2"/>
      <class name="SwitchparenttoChild.alertbox"/>
      <class name="example1.MouseAction"/>
      <class name="assignment.Assignment2OperationsTest"/>
      <class name="SeleniumDemos.demos.Sample"/>
      <class name="SeleniumDemos.demos.WebDriverMethod"/>
      <class name="assignment.CareerTestpom"/>
      <class name="dateautomation.ixigo"/>
      <class name="assignment.FeedbackTestpom"/>
      <class name="assignment.Assignment3"/>
      <class name="assignment.Assignment2"/>
      <class name="assignment.Assignment1"/>
      <class name="SeleniumDemos.demos.WebElementHandling"/>
      <class name="SeleniumDemos.demos.AppTest"/>
      <class name="excelpackage.ExcelHandling"/>
      <class name="assignment.ebayTest"/>
      <class name="example2.ClickNdWait"/>
      <class name="SwitchparenttoChild.example1"/>
      <class name="Excelhandling2D.DataProviderdemo"/>
      <class name="assignment.googlechromeTest"/>
      <class name="amazon.amazon1"/>
      <class name="assignment.CareersTest"/>
      <class name="TestCases.Logintestcase"/>
      <class name="assignment.SauceDemoTest"/>
    </classes>
  </test> <!-- Test -->
</suite> <!-- Suite -->
